,Durability,Appearance,Comfort
Durability,1.0,0.9338296403083451,0.8689219892915553
Appearance,0.9338296403083451,1.0,0.8990292868270541
Comfort,0.8689219892915553,0.8990292868270541,1.0
